individual,locus,homozygote,isSignificant,LRT_value,allele1,allele2,loglk,totalCoverage,allele1Count,allele2Count,otherVariantsSum
133,1,0,True,121.774661342,Mama_DRB1_03,Mama_DRB1_01,-3.46377262828,44,22,22,0
133,3,0,True,100.785339081,Mama_UB_02,Mama_UB_01,-4.09993268853,47,20,27,0
133,2,0,True,60.6667480583,Mama_DRB2_01,Mama_DRB2_03,-8.63421037343,32,18,11,3
133,4,1,True,199998.0,Mama_UD_01,NA,0.0,50,50,0,0
131,1,1,True,199998.0,Mama_DRB1_01,NA,0.0,7,7,0,0
131,3,0,True,22.0081173941,Mama_UB_02,Mama_UB_01,-2.52858747275,14,5,9,0
131,2,0,True,10.9376936357,Mama_DRB2_01,Mama_DRB2_03,-2.44857213766,10,3,7,0
131,4,0,False,1.01879513244,Mama_UD_01,Mama_UD_03,-5.77921579859,17,14,3,0
130,1,0,True,182.529261891,Mama_DRB1_02,Mama_DRB1_05,-4.67029653409,72,34,38,0
130,3,0,True,73.4614405285,Mama_UB_02,Mama_UB_01,-10.6964487333,37,20,13,4
130,2,0,True,107.20661597,Mama_DRB2_02,Mama_DRB2_03,-7.92759823769,72,47,25,0
130,4,0,True,171.32610801,Mama_UD_01,Mama_UD_03,-5.06263741816,74,41,33,0
137,2,0,True,23.4251028946,Mama_DRB2_01,Mama_DRB2_02,-2.24681383698,13,5,8,0
136,1,0,True,33.0785411525,Mama_DRB1_01,Mama_DRB1_02,-2.65693898371,18,7,11,0
136,3,1,True,199998.0,Mama_UB_01,NA,0.0,32,32,0,0
136,2,0,True,53.2011506822,Mama_DRB2_01,Mama_DRB2_02,-15.3523665029,46,12,29,5
136,4,1,True,16.1177609959,Mama_UD_01,NA,-6.40144486361,35,31,0,0
135,1,0,True,165.923626253,Mama_DRB1_01,Mama_DRB1_03,-4.45417927339,66,31,35,0
135,3,0,True,50.7029719226,Mama_UB_02,Mama_UB_01,-6.07555711867,41,28,13,0
135,2,0,True,45.0994668658,Mama_DRB2_03,Mama_DRB2_01,-20.6382447816,34,18,9,7
135,4,1,True,199998.0,Mama_UD_01,NA,0.0,48,48,0,0
134,1,0,True,75.5450603176,Mama_DRB1_02,Mama_DRB1_05,-6.55163116146,53,18,35,0
134,3,0,True,57.9206295476,Mama_UB_02,Mama_UB_01,-3.4326149962,30,12,18,0
134,2,0,True,11.2928381548,Mama_DRB2_02,Mama_DRB2_03,-15.304598593,57,46,11,0
134,4,0,True,55.0866585467,Mama_UD_01,Mama_UD_03,-3.92027591773,32,20,12,0
139,3,1,True,199998.0,Mama_UB_01,NA,0.0,7,7,0,0
139,2,1,True,5.12517335461,Mama_DRB2_02,NA,-22.6490478174,55,43,0,5
138,1,0,True,46.9829359119,Mama_DRB1_01,Mama_DRB1_04,-2.44064662609,20,9,11,0
138,3,1,True,199998.0,Mama_UB_01,NA,0.0,16,16,0,0
138,2,0,True,104.374771797,Mama_DRB2_02,Mama_DRB2_03,-55.6391884072,63,27,16,20
24,1,0,True,135.546325979,Mama_DRB1_01,Mama_DRB1_03,-3.82783972523,52,25,27,0
24,3,1,True,30.714558295,Mama_UB_02,NA,-9.51027226128,45,39,0,3
24,2,0,True,6.71538945523,Mama_DRB2_01,Mama_DRB2_03,-11.6910471022,18,3,12,3
24,4,0,True,97.1304055373,Mama_UD_01,Mama_UD_03,-8.68824699146,52,31,18,3
25,1,0,True,199.134897529,Mama_DRB1_02,Mama_DRB1_06,-4.88447270518,78,41,37,0
25,3,1,True,199998.0,Mama_UB_01,NA,0.0,25,25,0,0
25,2,0,True,34.3627965303,Mama_DRB2_03,Mama_DRB2_02,-3.54014564385,23,8,15,0
25,4,1,True,34.4058423793,Mama_UD_01,NA,-3.84018543836,42,39,0,0
27,1,0,True,35.9125121535,Mama_DRB1_01,Mama_DRB1_03,-2.23283094378,16,9,7,0
27,4,0,True,26.1263437729,Mama_UD_01,Mama_UD_03,-2.87779420451,17,6,11,0
21,1,1,True,199998.0,Mama_DRB1_01,NA,0.0,37,37,0,0
21,3,0,True,81.4784625649,Mama_UB_02,Mama_UB_01,-3.49482290742,37,21,16,0
21,2,1,True,17.4020163737,Mama_DRB2_01,NA,-4.69824520192,30,27,0,0
21,4,0,True,101.823414191,Mama_UD_01,Mama_UD_03,-7.63228905664,42,17,22,3
22,1,1,True,199998.0,Mama_DRB1_01,NA,0.0,39,39,0,0
22,3,0,True,13.638934514,Mama_UB_02,Mama_UB_01,-3.22173465331,14,10,4,0
22,2,0,True,112.37964351,Mama_DRB2_01,Mama_DRB2_03,-7.41141565386,41,20,18,3
22,4,0,True,103.752040204,Mama_UD_01,Mama_UD_03,-3.26438952105,39,20,19,0
23,1,1,True,199998.0,Mama_DRB1_01,NA,0.0,16,16,0,0
23,3,0,True,49.4187165448,Mama_UB_01,Mama_UB_02,-5.10207932124,36,12,24,0
23,2,1,True,199998.0,Mama_DRB2_03,NA,0.0,5,5,0,0
23,4,0,True,44.1489649109,Mama_UD_01,Mama_UD_03,-2.80215051835,22,13,9,0
29,1,0,True,60.4891403032,Mama_DRB1_01,Mama_DRB1_02,-5.07653875077,40,26,14,0
29,3,1,True,27.4536449996,Mama_UB_01,NA,-5.66498476166,43,39,0,0
29,4,1,True,199998.0,Mama_UD_01,NA,0.0,28,28,0,0
8,1,0,True,13.638934514,Mama_DRB1_03,Mama_DRB1_04,-3.22173465331,14,10,4,0
8,3,0,True,52.5181477911,Mama_UB_02,Mama_UB_01,-2.53978625388,22,12,10,0
121,3,1,True,199998.0,Mama_UB_02,NA,0.0,9,9,0,0
123,1,0,True,66.2119255028,Mama_DRB1_01,Mama_DRB1_03,-8.24480311556,28,11,14,3
123,3,0,True,96.4016524567,Mama_UB_02,Mama_UB_01,-5.6854750935,56,35,21,0
123,4,1,True,199998.0,Mama_UD_01,NA,0.0,29,29,0,0
125,1,0,True,97.1304055373,Mama_DRB1_01,Mama_DRB1_03,-8.68824699146,52,31,18,3
125,3,1,True,199998.0,Mama_UB_01,NA,0.0,34,34,0,0
125,4,1,True,199998.0,Mama_UD_01,NA,0.0,34,34,0,0
126,1,1,True,199998.0,Mama_DRB1_02,NA,0.0,29,29,0,0
126,3,0,True,55.352118792,Mama_UB_02,Mama_UB_01,-2.34533644629,20,10,10,0
126,2,1,True,199998.0,Mama_DRB2_02,NA,0.0,17,17,0,0
126,4,0,True,85.7294190663,Mama_UD_01,Mama_UD_03,-3.08909496543,34,18,16,0
127,1,0,True,181.245006513,Mama_DRB1_01,Mama_DRB1_03,-4.37998844482,67,34,33,0
127,3,0,True,92.5488863233,Mama_UB_02,Mama_UB_01,-3.63577090417,41,23,18,0
127,2,0,True,80.1942071871,Mama_DRB2_02,Mama_DRB2_03,-3.00178979529,32,15,17,0
127,4,1,True,199998.0,Mama_UD_01,NA,0.0,41,41,0,0
128,1,0,True,240.326568212,Mama_DRB1_02,Mama_DRB1_05,-6.46982617054,81,38,40,3
128,3,0,True,128.594128599,Mama_UB_02,Mama_UB_01,-3.8366012309,51,27,24,0
128,2,1,True,199998.0,Mama_DRB2_02,NA,0.0,17,17,0,0
128,4,0,True,139.664552358,Mama_UD_01,Mama_UD_03,-3.9896466222,55,26,29,0
129,1,0,True,57.6551693022,Mama_DRB1_03,Mama_DRB1_02,-5.70055121805,42,14,28,0
129,3,1,False,0.530920490702,Mama_UB_01,NA,-7.83003396071,24,20,0,0
129,2,0,True,185.408919337,Mama_DRB2_02,Mama_DRB2_03,-12.4782422659,114,74,37,3
129,4,1,True,199998.0,Mama_UD_01,NA,0.0,43,43,0,0
59,1,1,True,199998.0,Mama_DRB1_03,NA,0.0,12,12,0,0
59,3,1,True,199998.0,Mama_UB_02,NA,0.0,15,15,0,0
59,2,0,True,6.68673713432,Mama_DRB2_02,Mama_DRB2_03,-3.75089123376,13,10,3,0
59,4,0,True,42.0088349235,Mama_UD_01,Mama_UD_03,-9.00797288718,19,9,7,3
58,1,0,True,49.4187165448,Mama_DRB1_03,Mama_DRB1_06,-5.10207932124,36,12,24,0
58,3,0,True,81.6111926876,Mama_UB_02,Mama_UB_01,-2.91070596599,31,15,16,0
58,2,0,True,95.5187115324,Mama_DRB2_01,Mama_DRB2_03,-27.6153710179,55,16,28,11
58,4,1,True,199998.0,Mama_UD_01,NA,0.0,46,46,0,0
55,1,0,True,70.4080388065,Mama_DRB1_01,Mama_DRB1_03,-3.35564915783,33,19,14,0
55,3,0,True,88.4306599445,Mama_UB_02,Mama_UB_01,-3.4140564798,38,21,17,0
55,2,0,True,47.8720555881,Mama_DRB2_02,Mama_DRB2_03,-9.02496167311,28,9,16,3
55,4,1,True,199998.0,Mama_UD_01,NA,0.0,33,33,0,0
54,1,1,True,199998.0,Mama_DRB1_01,NA,0.0,12,12,0,0
54,3,0,True,28.8275846511,Mama_UB_02,Mama_UB_01,-3.53197779426,21,14,7,0
54,2,1,True,199998.0,Mama_DRB2_03,NA,0.0,13,13,0,0
54,4,0,True,5.0042913885,Mama_UD_01,Mama_UD_03,-7.71969496942,26,5,21,0
57,1,0,True,93.8331417011,Mama_DRB1_03,Mama_DRB1_02,-4.23074162864,46,19,27,0
57,2,0,True,14.2829477011,Mama_DRB2_02,Mama_DRB2_03,-14.4383060584,39,29,7,3
56,1,0,True,206.953542675,Mama_DRB1_01,Mama_DRB1_02,-8.32518939459,73,36,33,4
56,3,1,True,133.834466588,Mama_UB_01,NA,-5.92576187393,126,119,0,3
56,4,1,True,199998.0,Mama_UD_01,NA,0.0,47,47,0,0
51,1,1,True,199998.0,Mama_DRB1_01,NA,0.0,68,68,0,0
51,3,0,True,132.712354978,Mama_UB_02,Mama_UB_01,-4.01527688136,54,29,25,0
51,2,1,True,199998.0,Mama_DRB2_03,NA,0.0,14,14,0,0
51,4,0,True,87.0136744441,Mama_UD_01,Mama_UD_03,-3.56514367507,39,17,22,0
50,1,0,True,29.8502288935,Mama_DRB1_03,Mama_DRB1_01,-12.7392204323,41,9,29,3
50,3,1,True,37.2398133802,Mama_UB_02,NA,-3.72747448518,44,41,0,0
50,2,0,True,8.10372263479,Mama_DRB2_02,Mama_DRB2_03,-3.28964911018,12,9,3,0
50,4,0,True,30.1118400289,Mama_UD_01,Mama_UD_03,-4.55211243894,26,18,8,0
53,1,0,True,34.3627965303,Mama_DRB1_01,Mama_DRB1_06,-3.54014564385,23,8,15,0
53,3,0,True,64.7400968046,Mama_UB_02,Mama_UB_01,-4.24072065337,37,14,23,0
53,4,0,True,28.9603147738,Mama_UD_01,Mama_UD_03,-2.33590312892,15,6,9,0
52,1,0,True,65.0055570499,Mama_DRB1_01,Mama_DRB1_06,-2.62593282692,25,13,12,0
52,3,0,True,48.3999214123,Mama_UB_02,Mama_UB_01,-2.31487723881,19,9,10,0
52,4,0,True,41.31499391,Mama_UD_01,Mama_UD_03,-3.28292277888,24,9,15,0
115,1,0,True,26.2590738955,Mama_DRB1_01,Mama_DRB1_02,-1.82410537741,11,5,6,0
115,3,1,True,199998.0,Mama_UB_01,NA,0.0,11,11,0,0
114,1,0,True,128.799093493,Mama_DRB1_01,Mama_DRB1_02,-7.23936504467,49,25,21,3
114,3,1,True,34.4058423793,Mama_UB_01,NA,-3.84018543836,42,39,0,0
114,2,0,True,85.7785209897,Mama_DRB2_01,Mama_DRB2_02,-35.9527457828,58,15,29,14
114,4,1,True,199998.0,Mama_UD_01,NA,0.0,47,47,0,0
117,1,0,True,23.4251028946,Mama_DRB1_03,Mama_DRB1_02,-2.24681383698,13,5,8,0
117,4,0,False,1.01879513244,Mama_UD_01,Mama_UD_02,-5.77921579859,17,14,3,0
116,1,0,True,93.5056480244,Mama_DRB1_01,Mama_DRB1_06,-8.42890792076,48,17,28,3
116,3,1,True,199998.0,Mama_UB_01,NA,0.0,42,42,0,0
116,2,0,True,218.457576315,Mama_DRB2_01,Mama_DRB2_03,-17.2811296828,77,36,32,9
116,4,1,True,199998.0,Mama_UD_01,NA,0.0,74,74,0,0
111,1,0,True,203.120393785,Mama_DRB1_01,Mama_DRB1_02,-5.57258290309,87,39,48,0
111,3,1,True,44.4574710052,Mama_UB_01,NA,-4.82981680625,55,51,0,0
111,2,0,True,87.1083017893,Mama_DRB2_02,Mama_DRB2_03,-39.1711992914,57,27,16,14
111,4,1,True,199998.0,Mama_UD_01,NA,0.0,30,30,0,0
110,1,0,True,45.5659504114,Mama_DRB1_01,Mama_DRB1_02,-2.6046372262,21,12,9,0
110,3,0,True,25.9936136502,Mama_UB_02,Mama_UB_01,-4.23329282441,23,7,16,0
110,2,0,True,144.684417905,Mama_DRB2_01,Mama_DRB2_02,-32.0841051004,74,25,36,13
110,4,0,True,33.0785411525,Mama_UD_01,Mama_UD_03,-2.65693898371,18,11,7,0
113,1,0,True,433.963336064,Mama_DRB1_01,Mama_DRB1_02,-13.4470227421,140,70,60,10
113,3,1,True,199998.0,Mama_UB_01,NA,0.0,44,44,0,0
113,2,0,True,379.377557747,Mama_DRB2_01,Mama_DRB2_02,-157.648344935,205,55,93,57
113,4,1,True,199998.0,Mama_UD_01,NA,0.0,78,78,0,0
112,1,0,True,48.2671912897,Mama_DRB1_01,Mama_DRB1_02,-3.09023843505,25,10,15,0
112,3,1,True,33.1215870015,Mama_UB_01,NA,-5.35711944581,47,43,0,0
112,2,0,True,98.2159283695,Mama_DRB2_01,Mama_DRB2_02,-47.65016797,73,17,38,18
112,4,1,True,199998.0,Mama_UD_01,NA,0.0,36,36,0,0
82,1,0,True,13.1127356903,Mama_DRB1_02,Mama_DRB1_08,-11.1288193438,20,4,13,3
82,3,1,True,199998.0,Mama_UB_01,NA,0.0,28,28,0,0
82,4,0,True,51.1011622906,Mama_UD_01,Mama_UD_02,-2.69284778346,23,10,13,0
83,1,1,True,199998.0,Mama_DRB1_02,NA,0.0,27,27,0,0
83,3,1,True,199998.0,Mama_UB_01,NA,0.0,39,39,0,0
83,4,1,True,199998.0,Mama_UD_01,NA,0.0,30,30,0,0
81,1,0,False,2.43578063291,Mama_DRB1_08,Mama_DRB1_02,-5.24976542499,16,3,13,0
81,3,1,True,199998.0,Mama_UB_01,NA,0.0,13,13,0,0
86,1,0,True,61.2008736288,Mama_DRB1_08,Mama_DRB1_07,-8.38898940625,25,10,12,3
86,3,1,True,21.6529728751,Mama_UB_01,NA,-4.44805316842,33,30,0,0
86,2,1,True,199998.0,Mama_DRB2_02,NA,0.0,11,11,0,0
86,4,1,True,15.9850308732,Mama_UD_01,NA,-4.78849207976,29,26,0,0
87,1,0,True,157.479110375,Mama_DRB1_01,Mama_DRB1_02,-7.54430816162,68,38,27,3
87,3,1,True,49.9926828844,Mama_UB_01,NA,-3.29319532851,53,50,0,0
87,2,0,True,19.1741463932,Mama_DRB2_02,Mama_DRB2_03,-3.19564169129,16,11,5,0
87,4,1,True,199998.0,Mama_UD_01,NA,0.0,57,57,0,0
84,1,0,True,44.2472980752,Mama_DRB1_08,Mama_DRB1_07,-8.95965503038,24,13,8,3
84,3,1,True,199998.0,Mama_UB_01,NA,0.0,24,24,0,0
84,4,1,True,199998.0,Mama_UD_01,NA,0.0,12,12,0,0
85,1,0,True,88.4306599445,Mama_DRB1_01,Mama_DRB1_02,-3.4140564798,38,21,17,0
85,3,1,True,199998.0,Mama_UB_01,NA,0.0,43,43,0,0
85,4,1,True,199998.0,Mama_UD_01,NA,0.0,34,34,0,0
3,1,0,True,91.2671848727,Mama_DRB1_03,Mama_DRB1_02,-8.06477353105,43,16,24,3
3,3,0,True,74.8477348896,Mama_UB_02,Mama_UB_01,-8.19033887591,35,13,19,3
3,2,1,True,199998.0,Mama_DRB2_02,NA,0.0,12,12,0,0
3,4,1,True,199998.0,Mama_UD_01,NA,0.0,18,18,0,0
7,3,1,True,199998.0,Mama_UB_01,NA,0.0,16,16,0,0
7,4,1,True,199998.0,Mama_UD_01,NA,0.0,12,12,0,0
108,1,0,True,118.940690341,Mama_DRB1_01,Mama_DRB1_06,-3.58922956439,46,22,24,0
108,3,1,True,199998.0,Mama_UB_01,NA,0.0,19,19,0,0
108,2,0,True,257.064061415,Mama_DRB2_01,Mama_DRB2_03,-10.0622714541,104,43,56,5
108,4,1,True,14.5680453727,Mama_UD_01,NA,-4.88257773392,28,25,0,0
109,1,0,True,139.664552358,Mama_DRB1_01,Mama_DRB1_02,-3.9896466222,55,26,29,0
109,3,1,True,199998.0,Mama_UB_01,NA,0.0,32,32,0,0
109,2,0,True,89.8915439772,Mama_DRB2_01,Mama_DRB2_02,-14.3375765498,47,15,26,6
109,4,1,True,199998.0,Mama_UD_01,NA,0.0,33,33,0,0
102,1,0,True,145.876945718,Mama_DRB1_01,Mama_DRB1_03,-12.4896858469,63,34,23,6
102,3,1,False,0.398190368027,Mama_UB_02,NA,-6.12140544583,18,15,0,0
102,2,0,True,106.300340495,Mama_DRB2_01,Mama_DRB2_03,-40.760889733,64,19,30,15
102,4,0,True,46.8502057892,Mama_UD_01,Mama_UD_03,-3.32833700732,26,10,16,0
103,1,0,True,171.458838133,Mama_DRB1_03,Mama_DRB1_01,-4.52644656616,68,36,32,0
103,3,0,True,60.7546005485,Mama_UB_02,Mama_UB_01,-3.03031032981,28,16,12,0
103,2,0,True,47.3379300176,Mama_DRB2_01,Mama_DRB2_03,-26.6169377095,41,10,22,9
103,4,1,True,199998.0,Mama_UD_01,NA,0.0,25,25,0,0
100,1,0,True,121.509201097,Mama_DRB1_01,Mama_DRB1_04,-4.51184944557,56,32,24,0
100,3,1,True,6.19886249258,Mama_UB_01,NA,-7.23458771024,28,24,0,0
100,2,0,True,149.479387429,Mama_DRB2_01,Mama_DRB2_02,-54.6820386783,105,29,55,21
100,4,1,True,199998.0,Mama_UD_01,NA,0.0,35,35,0,0
101,1,1,True,67.1292390128,Mama_DRB1_02,NA,-4.02469854628,71,67,0,0
101,3,1,True,199998.0,Mama_UB_01,NA,0.0,33,33,0,0
101,2,1,True,199998.0,Mama_DRB2_02,NA,0.0,42,42,0,0
101,4,1,True,59.8267398785,Mama_UD_01,NA,-7.52263442254,66,60,0,3
106,1,0,True,77.3602361861,Mama_DRB1_01,Mama_DRB1_07,-3.26094522236,34,15,19,0
106,3,1,True,199998.0,Mama_UB_01,NA,0.0,13,13,0,0
106,2,0,True,28.1458913123,Mama_DRB2_02,Mama_DRB2_03,-19.0644555049,32,19,7,6
106,4,1,True,199998.0,Mama_UD_01,NA,0.0,28,28,0,0
107,1,0,True,172.728348348,Mama_DRB1_01,Mama_DRB1_02,-6.84739281959,57,27,27,3
107,3,0,True,88.1651996992,Mama_UB_02,Mama_UB_01,-5.13466019097,50,31,19,0
107,2,0,True,104.914046133,Mama_DRB2_01,Mama_DRB2_02,-34.5096620061,63,19,31,13
107,4,0,True,192.049970026,Mama_UD_01,Mama_UD_03,-5.44938440268,83,37,46,0
104,1,0,True,141.081537858,Mama_DRB1_01,Mama_DRB1_02,-3.9060775894,54,26,28,0
104,3,1,True,199998.0,Mama_UB_01,NA,0.0,49,49,0,0
104,2,0,True,81.2360872868,Mama_DRB2_01,Mama_DRB2_02,-20.7344586934,34,12,14,8
104,4,1,True,199998.0,Mama_UD_01,NA,0.0,11,11,0,0
39,1,0,False,1.01879513244,NewAllele_42,Mama_DRB1_01,-5.77921579859,17,3,14,0
39,3,1,True,199998.0,Mama_UB_01,NA,0.0,17,17,0,0
39,2,0,True,27.8278480921,Mama_DRB2_01,Mama_DRB2_03,-9.60105310905,16,5,8,3
39,4,1,True,199998.0,Mama_UD_01,NA,0.0,18,18,0,0
38,1,1,True,199998.0,Mama_DRB1_01,NA,0.0,21,21,0,0
38,3,1,True,6.19886249258,Mama_UB_01,NA,-7.23458771024,28,24,0,0
38,2,0,True,75.6777904403,Mama_DRB2_01,Mama_DRB2_03,-5.37008739974,47,30,17,0
38,4,1,True,199998.0,Mama_UD_01,NA,0.0,25,25,0,0
33,1,0,True,172.728348348,Mama_DRB1_03,Mama_DRB1_02,-6.84739281959,57,27,27,3
33,3,0,True,85.7294190663,Mama_UB_02,Mama_UB_01,-3.08909496543,34,18,16,0
33,2,0,True,30.7324447933,Mama_DRB2_02,Mama_DRB2_03,-13.3948862029,61,47,14,0
33,4,1,True,199998.0,Mama_UD_01,NA,0.0,36,36,0,0
32,1,0,True,42.8647095331,Mama_DRB1_01,Mama_DRB1_02,-2.20266552945,17,9,8,0
32,3,1,True,199998.0,Mama_UB_01,NA,0.0,24,24,0,0
32,4,0,True,19.3068765159,Mama_UD_01,Mama_UD_02,-1.88895634973,10,6,4,0
31,3,1,True,199998.0,Mama_UB_01,NA,0.0,15,15,0,0
31,4,0,True,13.638934514,Mama_UD_01,Mama_UD_02,-3.22173465331,14,10,4,0
30,1,0,True,89.5628472914,Mama_DRB1_01,Mama_DRB1_02,-7.87128569992,31,14,14,3
30,3,0,True,10.8049635131,NewAllele_883,Mama_UB_01,-4.07111042864,16,4,12,0
30,2,0,True,42.8647095331,Mama_DRB2_02,Mama_DRB2_03,-2.20266552945,17,8,9,0
30,4,1,True,199998.0,Mama_UD_01,NA,0.0,33,33,0,0
37,1,0,True,93.5676814557,Mama_DRB1_01,Mama_DRB1_02,-6.22363044231,58,21,37,0
37,3,1,True,199998.0,Mama_UB_01,NA,0.0,33,33,0,0
37,2,0,True,15.1886501371,Mama_DRB2_01,Mama_DRB2_02,-1.50989665482,7,4,3,0
37,4,1,True,199998.0,Mama_UD_01,NA,0.0,25,25,0,0
36,1,0,True,19.3068765159,Mama_DRB1_01,Mama_DRB1_06,-1.88895634973,10,4,6,0
36,3,1,True,199998.0,Mama_UB_01,NA,0.0,15,15,0,0
36,4,1,True,199998.0,Mama_UD_01,NA,0.0,10,10,0,0
35,1,0,True,108.225411102,Mama_DRB1_03,Mama_DRB1_02,-11.3769290111,89,28,61,0
35,3,0,True,99.5010837029,Mama_UB_02,Mama_UB_01,-3.56614665309,42,19,23,0
35,2,0,True,69.2134677024,Mama_DRB2_02,Mama_DRB2_03,-15.0417740446,87,64,23,0
35,4,1,True,58.4945958873,Mama_UD_01,NA,-3.05620669794,59,56,0,0
34,1,0,True,55.2193886693,Mama_DRB1_02,Mama_DRB1_06,-2.95364355787,26,11,15,0
34,3,1,True,13.1510598722,Mama_UB_01,NA,-4.98079278141,27,24,0,0
34,2,1,True,199998.0,Mama_DRB2_02,NA,0.0,15,15,0,0
34,4,1,True,199998.0,Mama_UD_01,NA,0.0,12,12,0,0
60,1,1,True,199998.0,Mama_DRB1_01,NA,0.0,19,19,0,0
60,3,1,True,199998.0,Mama_UB_01,NA,0.0,23,23,0,0
60,2,0,True,67.5740678055,Mama_DRB2_01,Mama_DRB2_03,-3.76140805909,35,21,14,0
60,4,1,True,199998.0,Mama_UD_01,NA,0.0,27,27,0,0
61,1,1,True,199998.0,Mama_DRB1_01,NA,0.0,25,25,0,0
61,3,0,True,64.8728269273,Mama_UB_02,Mama_UB_01,-3.28718353723,31,18,13,0
61,2,1,True,20.3687174973,Mama_DRB2_01,NA,-6.10336675509,38,34,0,0
61,4,0,True,176.353105861,Mama_UD_03,Mama_UD_01,-8.65482588431,62,30,28,4
62,3,0,True,59.8145792677,Mama_UB_02,Mama_UB_01,-8.40919211357,26,10,13,3
62,2,0,True,37.1967675313,Mama_DRB2_01,Mama_DRB2_03,-2.97236200633,21,13,8,0
62,4,0,True,72.6092717379,Mama_UD_01,Mama_UD_03,-8.09596653056,30,15,12,3
64,3,1,True,21.7857029977,Mama_UB_01,NA,-6.01026680826,39,35,0,0
64,4,1,True,199998.0,Mama_UD_01,NA,0.0,12,12,0,0
65,1,0,True,86.7902585692,Mama_DRB1_02,Mama_DRB1_07,-7.81638093475,33,16,14,3
65,3,1,True,199998.0,Mama_UB_01,NA,0.0,10,10,0,0
65,2,1,True,199998.0,Mama_DRB2_02,NA,0.0,29,29,0,0
65,4,1,True,199998.0,Mama_UD_01,NA,0.0,18,18,0,0
66,1,0,True,23.2923727719,Mama_DRB1_01,Mama_DRB1_07,-3.54005225078,19,6,13,0
66,3,1,True,199998.0,Mama_UB_01,NA,0.0,24,24,0,0
66,2,0,True,12.2605668997,Mama_DRB2_01,Mama_DRB2_02,-10.6592599831,14,3,8,3
66,4,1,True,199998.0,Mama_UD_01,NA,0.0,9,9,0,0
67,1,0,True,49.6841767901,Mama_DRB1_01,Mama_DRB1_02,-2.87745767077,24,10,14,0
67,3,1,True,199998.0,Mama_UB_01,NA,0.0,35,35,0,0
67,2,0,True,67.5982198639,Mama_DRB2_02,Mama_DRB2_03,-13.7311727136,29,13,11,5
67,4,0,True,75.810520563,Mama_UD_01,Mama_UD_02,-4.30911545743,41,25,16,0
68,1,1,True,199998.0,Mama_DRB1_02,NA,0.0,11,11,0,0
68,3,1,True,199998.0,Mama_UB_01,NA,0.0,24,24,0,0
68,2,1,True,199998.0,Mama_DRB2_02,NA,0.0,15,15,0,0
68,4,0,True,48.3999214123,Mama_UD_01,Mama_UD_02,-2.31487723881,19,10,9,0
69,1,1,True,34.4058423793,Mama_DRB1_03,NA,-3.84018543836,42,39,0,0
69,3,1,True,199998.0,Mama_UB_02,NA,0.0,31,31,0,0
69,2,1,True,17.4020163737,Mama_DRB2_03,NA,-4.69824520192,30,27,0,0
69,4,0,True,81.2130023195,Mama_UD_01,Mama_UD_03,-5.37863782919,49,18,31,0
2,1,0,True,103.619310082,Mama_DRB1_01,Mama_DRB1_03,-3.77757550662,45,20,25,0
2,3,1,True,7.48311787037,Mama_UB_02,NA,-5.42208835206,23,20,0,0
2,2,0,True,57.894159336,Mama_DRB2_01,Mama_DRB2_03,-14.0454189614,36,11,20,5
2,4,0,True,87.0136744441,Mama_UD_01,Mama_UD_03,-3.56514367507,39,17,22,0
6,3,1,True,13.4165201176,Mama_UB_02,NA,-8.24894809928,39,34,0,0
6,2,0,True,36.9977830495,Mama_DRB2_01,Mama_DRB2_02,-15.7958585802,18,6,7,5
6,4,0,True,8.10372263479,Mama_UD_01,Mama_UD_03,-3.28964911018,12,3,9,0
99,1,0,True,58.0533596703,Mama_DRB1_06,Mama_DRB1_01,-2.63629561396,24,11,13,0
99,3,1,True,199998.0,Mama_UB_01,NA,0.0,44,44,0,0
99,2,0,True,53.8024031689,Mama_DRB2_01,Mama_DRB2_03,-3.15400180215,27,16,11,0
99,4,1,True,199998.0,Mama_UD_01,NA,0.0,27,27,0,0
98,1,0,True,262.305051385,Mama_DRB1_01,Mama_DRB1_02,-66.43648758,99,37,34,28
98,3,1,True,199998.0,Mama_UB_01,NA,0.0,34,34,0,0
98,2,0,True,67.5982198639,Mama_DRB2_01,Mama_DRB2_03,-26.3687611444,33,13,11,9
98,4,1,True,199998.0,Mama_UD_01,NA,0.0,18,18,0,0
91,3,1,True,199998.0,Mama_UB_01,NA,0.0,17,17,0,0
90,1,1,True,199998.0,Mama_DRB1_02,NA,0.0,23,23,0,0
90,3,1,True,199998.0,Mama_UB_01,NA,0.0,42,42,0,0
90,2,1,True,79.882108517,Mama_DRB2_02,NA,-3.67352187975,80,76,0,0
90,4,1,True,199998.0,Mama_UD_01,NA,0.0,49,49,0,0
93,1,0,True,62.0530424194,Mama_DRB1_08,Mama_DRB1_07,-8.49622463046,31,17,11,3
93,3,1,True,199998.0,Mama_UB_01,NA,0.0,45,45,0,0
93,2,1,True,199998.0,Mama_DRB2_02,NA,0.0,23,23,0,0
93,4,1,True,199998.0,Mama_UD_01,NA,0.0,45,45,0,0
92,1,0,True,26.2590738955,Mama_DRB1_08,Mama_DRB1_02,-1.82410537741,11,6,5,0
92,3,1,True,199998.0,Mama_UB_01,NA,0.0,25,25,0,0
92,2,1,True,9.06797408759,Mama_DRB2_02,NA,-13.3292275387,36,29,0,3
92,4,0,True,23.2923727719,Mama_UD_01,Mama_UD_02,-3.54005225078,19,13,6,0
95,1,0,True,63.3231113041,Mama_DRB1_01,Mama_DRB1_03,-4.50479471203,38,24,14,0
95,3,1,True,199998.0,Mama_UB_02,NA,0.0,50,50,0,0
95,2,0,True,81.7792066952,Mama_DRB2_01,Mama_DRB2_02,-39.1025685648,40,13,14,13
95,4,0,True,163.55841339,Mama_UD_01,Mama_UD_03,-6.88376046376,57,28,26,3
94,1,1,True,10.3170888713,Mama_DRB1_01,NA,-5.19095086354,25,22,0,0
94,3,0,True,45.5659504114,Mama_UB_02,Mama_UB_01,-2.6046372262,21,12,9,0
94,2,0,True,292.357506883,Mama_DRB2_01,Mama_DRB2_03,-7.80898544294,104,53,47,4
94,4,0,True,108.754885997,Mama_UD_01,Mama_UD_03,-7.54070066051,37,17,17,3
11,3,0,True,24.8420883951,Mama_UB_02,Mama_UB_01,-2.00871526472,12,7,5,0
10,3,0,True,22.1408475168,Mama_UB_01,NewAllele_1130,-1.54035586231,8,4,4,0
10,2,0,True,25.5893849404,Mama_DRB2_01,Mama_DRB2_03,-10.167868945,11,4,4,3
15,1,0,True,30.3773002743,Mama_DRB1_03,Mama_DRB1_02,-2.12312236464,14,6,8,0
15,3,0,True,114.424273595,Mama_UB_02,Mama_UB_01,-5.51628423578,61,24,37,0
15,2,0,False,2.02238080137,Mama_DRB2_02,Mama_DRB2_03,-14.1094668158,28,21,4,3
15,4,0,True,67.7067979282,Mama_UD_01,Mama_UD_03,-2.95157024533,29,16,13,0
14,1,0,True,84.0469733205,Mama_DRB1_03,Mama_DRB1_06,-4.85926177597,47,18,29,0
14,3,0,True,28.8275846511,Mama_UB_01,Mama_UB_02,-3.53197779426,21,7,14,0
14,2,0,True,84.2643764221,Mama_DRB2_02,Mama_DRB2_03,-45.1993088731,54,14,24,16
14,4,0,True,34.495526653,Mama_UD_01,Mama_UD_03,-2.42580908076,17,10,7,0
17,4,0,True,15.0559200145,Mama_UD_01,Mama_UD_03,-2.83460050189,13,9,4,0
19,1,1,True,199998.0,Mama_DRB1_07,NA,0.0,38,38,0,0
19,3,1,True,199998.0,Mama_UB_01,NA,0.0,27,27,0,0
19,2,1,True,199998.0,Mama_DRB2_02,NA,0.0,29,29,0,0
19,4,1,True,9.56375398422,Mama_UD_01,NA,-13.5299336375,54,46,0,0
18,1,0,True,38.7464831544,Mama_DRB1_02,Mama_DRB1_06,-1.98959097202,14,7,7,0
18,3,1,True,199998.0,Mama_UB_01,NA,0.0,19,19,0,0
18,2,0,True,17.8898910154,Mama_DRB2_01,Mama_DRB2_02,-2.16057761403,11,7,4,0
18,4,1,True,199998.0,Mama_UD_01,NA,0.0,10,10,0,0
89,1,1,True,199998.0,Mama_DRB1_01,NA,0.0,64,64,0,0
89,3,1,True,199998.0,Mama_UB_01,NA,0.0,82,82,0,0
89,2,0,True,396.583382796,Mama_DRB2_01,Mama_DRB2_03,-10.3870865962,144,77,60,7
89,4,1,True,150.238295254,Mama_UD_01,NA,-9.36100611892,144,134,0,6
41,1,0,True,59.3376150481,Mama_DRB1_01,Mama_DRB1_02,-3.21983423193,29,12,17,0
41,3,1,True,199998.0,Mama_UB_01,NA,0.0,17,17,0,0
41,2,0,True,114.720067531,Mama_DRB2_01,Mama_DRB2_02,-60.605997104,98,24,52,22
41,4,1,True,199998.0,Mama_UD_01,NA,0.0,28,28,0,0
48,1,0,True,30.3773002743,Mama_DRB1_01,Mama_DRB1_03,-2.12312236464,14,8,6,0
48,3,0,True,201.942490801,Mama_UB_02,Mama_UB_01,-6.63660130169,69,34,32,3
48,2,0,True,184.988915247,Mama_DRB2_01,Mama_DRB2_03,-10.5364537715,70,35,30,5
48,4,1,True,199998.0,Mama_UD_01,NA,0.0,13,13,0,0
49,1,0,True,53.9351332915,Mama_DRB1_01,Mama_DRB1_06,-2.42231566941,21,10,11,0
49,3,1,True,199998.0,Mama_UB_01,NA,0.0,24,24,0,0
49,2,1,True,199998.0,Mama_DRB2_03,NA,0.0,18,18,0,0
49,4,1,True,199998.0,Mama_UD_01,NA,0.0,39,39,0,0
46,2,0,True,131.037556644,Mama_DRB2_01,Mama_DRB2_03,-7.39622236475,54,29,22,3
47,3,0,True,16.4729055149,Mama_UB_02,Mama_UB_01,-2.47871889397,12,4,8,0
47,2,0,True,110.993349148,Mama_DRB2_02,Mama_DRB2_03,-26.1866002203,49,18,21,10
47,4,1,True,199998.0,Mama_UD_01,NA,0.0,17,17,0,0
44,2,1,False,0.398190368027,Mama_DRB2_02,NA,-6.12140544583,18,15,0,0
45,3,0,True,15.0559200145,Mama_UB_02,Mama_UB_01,-2.83460050189,13,4,9,0
42,2,1,True,199998.0,Mama_DRB2_02,NA,0.0,4,4,0,0
43,1,0,True,48.3999214123,Mama_DRB1_01,Mama_DRB1_02,-2.31487723881,19,10,9,0
43,3,1,True,199998.0,Mama_UB_01,NA,0.0,8,8,0,0
43,2,0,True,28.9980601029,Mama_DRB2_02,Mama_DRB2_03,-22.3461211153,39,24,8,7
43,4,1,True,199998.0,Mama_UD_01,NA,0.0,10,10,0,0
40,1,1,True,199998.0,Mama_DRB1_01,NA,0.0,27,27,0,0
40,3,1,True,30.714558295,Mama_UB_01,NA,-9.51027226128,45,39,0,3
40,2,0,True,8.95385260697,Mama_DRB2_01,Mama_DRB2_02,-14.9309168702,24,16,4,4
40,4,1,True,21.7857029977,Mama_UD_01,NA,-6.01026680826,39,35,0,0
118,1,1,True,199998.0,Mama_DRB1_01,NA,0.0,28,28,0,0
118,3,1,True,199998.0,Mama_UB_02,NA,0.0,22,22,0,0
118,2,0,True,180.295906594,Mama_DRB2_01,Mama_DRB2_03,-7.59635652212,78,44,31,3
118,4,1,True,48.575697384,Mama_UD_03,NA,-3.33635059883,52,49,0,0
1,1,0,True,27.676059396,Mama_DRB1_01,Mama_DRB1_03,-1.70663479294,10,5,5,0
1,2,0,True,19.3068765159,Mama_DRB2_03,Mama_DRB2_02,-1.88895634973,10,4,6,0
1,4,1,True,199998.0,Mama_UD_01,NA,0.0,8,8,0,0
5,1,1,True,199998.0,Mama_DRB1_01,NA,0.0,20,20,0,0
5,3,0,True,22.0081173941,Mama_UB_01,Mama_UB_02,-2.52858747275,14,9,5,0
5,4,1,False,0.398190368027,Mama_UD_01,NA,-6.12140544583,18,15,0,0
9,1,1,True,199998.0,Mama_DRB1_01,NA,0.0,11,11,0,0
9,2,1,True,199998.0,Mama_DRB2_03,NA,0.0,4,4,0,0
144,2,1,True,199998.0,Mama_DRB2_02,NA,0.0,11,11,0,0
142,2,1,False,0.530920490702,Mama_DRB2_02,NA,-7.83003396071,24,20,0,0
143,2,1,True,4.64914686943,Mama_DRB2_02,NA,-5.678226493,21,18,0,0
140,1,0,True,51.1011622906,Mama_DRB1_02,Mama_DRB1_05,-2.69284778346,23,10,13,0
140,3,1,True,199998.0,Mama_UB_01,NA,0.0,15,15,0,0
140,2,0,True,66.7776870695,Mama_DRB2_02,Mama_DRB2_03,-11.4195391536,71,51,20,0
140,4,1,True,199998.0,Mama_UD_01,NA,0.0,11,11,0,0
141,1,0,True,195.01667115,Mama_DRB1_08,Mama_DRB1_07,-4.73153169641,75,39,36,0
141,3,1,True,199998.0,Mama_UB_01,NA,0.0,21,21,0,0
141,2,1,True,47.2914420062,Mama_DRB2_02,NA,-4.71317675543,57,53,0,0
141,4,1,True,199998.0,Mama_UD_01,NA,0.0,12,12,0,0
75,2,0,True,17.8898910154,Mama_DRB2_02,Mama_DRB2_03,-2.16057761403,11,7,4,0
74,2,0,True,35.9125121535,Mama_DRB2_01,Mama_DRB2_02,-2.23283094378,16,7,9,0
74,4,0,True,35.9125121535,Mama_UD_01,Mama_UD_03,-2.23283094378,16,9,7,0
73,2,0,True,26.2590738955,Mama_DRB2_01,Mama_DRB2_03,-1.82410537741,11,6,5,0
72,1,0,True,8.10372263479,Mama_DRB1_03,Mama_DRB1_06,-3.28964911018,12,9,3,0
72,3,0,True,127.767572296,Mama_UB_02,Mama_UB_01,-17.7327901278,64,21,35,8
72,4,0,True,51.1011622906,Mama_UD_01,Mama_UD_03,-2.69284778346,23,10,13,0
71,1,0,True,3.85276613338,Mama_DRB1_03,Mama_DRB1_02,-4.73379840172,15,12,3,0
71,3,0,True,13.240744146,Mama_UB_02,Mama_UB_01,-8.12621154536,32,7,25,0
71,2,0,True,7.97099251211,Mama_DRB2_02,Mama_DRB2_03,-4.99874478986,18,14,4,0
71,4,1,True,25.1693808505,Mama_UD_01,NA,-10.0235986327,41,35,0,3
70,1,1,True,199998.0,Mama_DRB1_03,NA,0.0,15,15,0,0
70,3,1,True,5.76125979485,Mama_UB_02,NA,-12.4613971795,27,21,0,3
70,2,0,True,96.6034453845,Mama_DRB2_02,Mama_DRB2_03,-14.4345131847,35,14,15,6
70,4,0,True,74.5262651852,Mama_UD_01,Mama_UD_03,-3.60954570978,36,15,21,0